<?xml version="1.0" encoding="UTF-8"?>


<!--
   version: 为网元版本号
   patch：补丁号，仅在更新现有网元版本，填写此字段
   displayName: 填写网元显示版本号。 
   remark：备注字段
   visible：是否显示到界面
-->
<NeVersion version="5gV1.0" patch="" active="false" visible="true" displayName="5gV1.0" remark="5GV1.0_remark">
	<module name="CM">
		<dir name="FDDV1.0"/>
		<dir name="PLATV1.0"/>
		<dir name="common_tool"/>
	</module>
	<module name="FM">
		<dir name="..."/>
		<dir name="..."/>
		<dir name="..."/>
	</module>
	<module name="AM">
		<dir name="..."/>
		<dir name="..."/>
		<dir name="..."/>
	</module>

	<locales>
	  <locale language-country="zh_CN">
	  	   <pair label-key="5GV1.0_remark" label-value="新增网元版本:5GV1.0" />
	  </locale>
	  <locale language-country="en_US">
	  	   <pair label-key="5GV1.0_remark" label-value="New NE version: 5GV1.0" />
	  </locale>
	</locales>  
</NeVersion>
