subnetwork,managedElement,parentMoDesc,sonReferPointID,sonReferPointAlias,sonIsBreakPoint,sonTimeOutPolicy,sonTimeOutPeriod,lastModifiedTime
"1","41","/ManagedElement/ENBFunctionTDD/SonCSTDD[sonPolicyId=43000]","0","Reference Point Alias","0","1","600","2016-10-22 01:04:24"
"1","41","/ManagedElement/ENBFunctionTDD/SonPolicyAnrTDD[sonPolicyId=46000]","0","Reference Point Alias","0","1","600","2016-10-22 01:04:24"
"1","41","/ManagedElement/ENBFunctionTDD/SonPolicyEsTDD[sonPolicyId=57000]","0","Reference Point Alias","0","1","600","2016-10-22 01:04:24"
"1","41","/ManagedElement/ENBFunctionTDD/SonPolicyMlbTDD[sonPolicyId=52000]","0","Reference Point Alias","0","1","600","2016-10-22 01:04:24"
"1","41","/ManagedElement/ENBFunctionTDD/SonPolicyMroTDD[sonPolicyId=49000]","0","Reference Point Alias","0","1","600","2016-10-22 01:04:24"
"1","41","/ManagedElement/ENBFunctionTDD/SonPolicyPciTDD[sonPolicyId=47000]","0","Reference Point Alias","0","1","600","2016-10-22 01:04:24"
"1","41","/ManagedElement/ENBFunctionTDD/SonPolicyRoTDD[sonPolicyId=51000]","0","Reference Point Alias","0","1","600","2016-10-22 01:04:24"
"1","41","/ManagedElement/ENBFunctionTDD/SonPolicySCHTDD[sonPolicyId=26000]","0","Reference Point Alias","0","1","600","2016-10-22 01:04:24"
"1","41","/ManagedElement/ENBFunctionTDD/SonPolicyX2TDD[sonPolicyId=48000]","0","Reference Point Alias","0","1","600","2016-10-22 01:04:24"
