﻿<?xml version="1.0" encoding="UTF-8"?>
<!--
   version: 为网元真实版本号
   build：补丁号，仅在更新现有网元版本，填写此字段
   displayName: 仅在新增网元版本时，填写网元显示版本号。 
   remark：备注字段
   visible：是否显示到界面
   plugin：是否是模型插件
-->
<MoModelDescs module="CM">
	<MoModelDesc version="5G_V1.2" visible="" build="" displayName="5GV1.2"  remark="5GV1.2_remark" />
  <MoModelDesc version="5G_V1.3" visible="" build="" displayName="5GV1.3"  remark="5GV1.3_remark" />
  <MoModelDesc version="gu_tool" visible="" build="6000" displayName=""  remark="" plugin="true"/>   
 
<locales>
  <locale language-country="zh_CN">
  	   <pair label-key="5GV1.2_remark" label-value="新增网元版本:5GV1.2" />
       <pair label-key="5GV1.3_remark" label-value="新增网元版本:5GV1.3" />
  </locale>
  <locale language-country="en_US">
  	   <pair label-key="5GV1.2_remark" label-value="New NE version: 5GV1.2" />
       <pair label-key="5GV1.3_remark" label-value="New NE version: 5GV1.3" />
  </locale>
</locales>  
</MoModelDescs>


